ship_type,ship_type_name,ship_category
0,Not available,Unknown
20,Wing in ground,Wing in Ground
21,Wing in ground - hazardous category A/X,Wing in Ground
22,Wing in ground - hazardous category B/Y,Wing in Ground
23,Wing in ground - hazardous category C/Z,Wing in Ground
24,Wing in ground - hazardous category D/OS,Wing in Ground
25,Wing in ground - reserved,Wing in Ground
26,Wing in ground - reserved,Wing in Ground
27,Wing in ground - reserved,Wing in Ground
28,Wing in ground - reserved,Wing in Ground
29,Wing in ground - no additional information,Wing in Ground
30,Fishing,Fishing
31,Towing,Tug/Tow
32,Towing - tow exceeds 200m or 25m breadth,Tug/Tow
33,Dredging or underwater operations,Special Operations
34,Diving operations,Special Operations
35,Military operations,Military
36,Sailing,Sailing
37,Pleasure craft,Pleasure Craft
38,Reserved,Reserved
39,Reserved,Reserved
40,High speed craft,High Speed Craft
41,High speed craft - hazardous category A/X,High Speed Craft
42,High speed craft - hazardous category B/Y,High Speed Craft
43,High speed craft - hazardous category C/Z,High Speed Craft
44,High speed craft - hazardous category D/OS,High Speed Craft
45,High speed craft - reserved,High Speed Craft
46,High speed craft - reserved,High Speed Craft
47,High speed craft - reserved,High Speed Craft
48,High speed craft - reserved,High Speed Craft
49,High speed craft - no additional information,High Speed Craft
50,Pilot vessel,Special Craft
51,Search and rescue vessel,Special Craft
52,Tug,Tug/Tow
53,Port tender,Special Craft
54,Anti-pollution vessel,Special Craft
55,Law enforcement vessel,Special Craft
56,Spare - local vessel,Special Craft
57,Spare - local vessel,Special Craft
58,Medical transport,Special Craft
59,Ship according to RR Resolution No. 18,Special Craft
60,Passenger ship,Passenger
61,Passenger ship - hazardous category A/X,Passenger
62,Passenger ship - hazardous category B/Y,Passenger
63,Passenger ship - hazardous category C/Z,Passenger
64,Passenger ship - hazardous category D/OS,Passenger
65,Passenger ship - reserved,Passenger
66,Passenger ship - reserved,Passenger
67,Passenger ship - reserved,Passenger
68,Passenger ship - reserved,Passenger
69,Passenger ship - no additional information,Passenger
70,Cargo ship,Cargo
71,Cargo ship - hazardous category A/X,Cargo
72,Cargo ship - hazardous category B/Y,Cargo
73,Cargo ship - hazardous category C/Z,Cargo
74,Cargo ship - hazardous category D/OS,Cargo
75,Cargo ship - reserved,Cargo
76,Cargo ship - reserved,Cargo
77,Cargo ship - reserved,Cargo
78,Cargo ship - reserved,Cargo
79,Cargo ship - no additional information,Cargo
80,Tanker,Tanker
81,Tanker - hazardous category A/X,Tanker
82,Tanker - hazardous category B/Y,Tanker
83,Tanker - hazardous category C/Z,Tanker
84,Tanker - hazardous category D/OS,Tanker
85,Tanker - reserved,Tanker
86,Tanker - reserved,Tanker
87,Tanker - reserved,Tanker
88,Tanker - reserved,Tanker
89,Tanker - no additional information,Tanker
90,Other,Other
91,Other - hazardous category A/X,Other
92,Other - hazardous category B/Y,Other
93,Other - hazardous category C/Z,Other
94,Other - hazardous category D/OS,Other
95,Other - reserved,Other
96,Other - reserved,Other
97,Other - reserved,Other
98,Other - reserved,Other
99,Other - no additional information,Other